id,lat,lon,value
1,27.59477851,85.25350273,-1.6896
2,27.59477851,85.25750272,4.7568
3,27.59477851,85.26050272,-0.848267
4,27.59477851,85.26750272,2.63267
5,27.59477851,85.27350271,5.27217
6,27.59477851,85.27850271,-1.96551
7,27.59477851,85.2905027,-0.4818
8,27.59477851,85.30950268,4.99082
9,27.59477851,85.31550268,2.23097
10,27.59477851,85.31850268,3.90318
11,27.59477851,85.32550267,6.91988
12,27.59477851,85.32850267,5.55896
13,27.59477851,85.33450266,2.38482
14,27.59477851,85.33950266,-0.130357
15,27.59477851,85.34150266,-2.26205
16,27.59477851,85.35050265,6.38993
17,27.59477851,85.35650265,7.13737
18,27.59477851,85.36650264,6.77751
19,27.59477851,85.36750264,7.87025
20,27.59477851,85.37650263,9.48671
21,27.59477851,85.37850263,8.93508
22,27.59477851,85.48350255,1.77029
23,27.59777851,85.25350273,0.520353
24,27.59977851,85.25950272,0.56555
25,27.59577851,85.26450272,3.37758
26,27.59877851,85.26650272,0.26268
27,27.59577851,85.27450271,-9.84245
28,27.59677851,85.27750271,1.83055
29,27.59577851,85.2835027,-0.760936
30,27.59677851,85.2895027,-4.01257
31,27.59877851,85.2915027,1.10503
32,27.59977851,85.29850269,-1.48316
33,27.59877851,85.30450269,2.54789
34,27.59877851,85.30850268,2.8634
35,27.59577851,85.31450268,-0.617072
36,27.59577851,85.31650268,3.58276
37,27.59777851,85.32250267,6.71666
38,27.59777851,85.32950267,2.9417
39,27.59577851,85.33550266,1.88613
40,27.59677851,85.33750266,0.0157738
41,27.59577851,85.34150266,-3.56981
42,27.59977851,85.34950265,5.62701
43,27.59977851,85.35650265,6.212
44,27.59877851,85.35750265,5.57183
45,27.59977851,85.36550264,6.75579
46,27.59977851,85.36750264,8.10613
47,27.59977851,85.37250264,8.91569
48,27.59877851,85.38050263,6.81318
49,27.59877851,85.38250263,2.5727
50,27.59877851,85.45750257,6.44123
51,27.59877851,85.45850257,6.57097
52,27.59777851,85.47750256,4.97637
53,27.6007785,85.24550273,6.92455
54,27.6037785,85.25250273,4.67691
55,27.6027785,85.25750272,5.23771
56,27.6017785,85.26150272,2.76214
57,27.6017785,85.26650272,1.52199
58,27.6007785,85.27250271,-2.45826
59,27.6027785,85.2855027,-3.48839
60,27.6027785,85.2865027,-2.90387
61,27.6007785,85.2935027,0.556123
62,27.6007785,85.29750269,-1.74643
63,27.6027785,85.30250269,-3.52304
64,27.6007785,85.30850268,0.0380201
65,27.6017785,85.31450268,2.47241
66,27.6017785,85.31650268,3.29824
67,27.6017785,85.32250267,7.669
68,27.6037785,85.33050267,3.29349
69,27.6007785,85.33350267,2.25758
70,27.6007785,85.33950266,0.163496
71,27.6007785,85.34250266,-0.687244
72,27.6037785,85.34950265,3.93705
73,27.6027785,85.35650265,4.77152
74,27.6017785,85.35750265,4.10291
75,27.6007785,85.36550264,6.4493
76,27.6027785,85.36850264,6.95414
77,27.6027785,85.37250264,6.88355
78,27.6007785,85.38050263,6.8604
79,27.6027785,85.38250263,4.26611
80,27.6017785,85.42850259,11.2551
81,27.6077785,85.25250273,4.4463
82,27.6077785,85.25850272,1.6525
83,27.6057785,85.26050272,0.693341
84,27.6057785,85.26850272,4.95265
85,27.6057785,85.27250271,1.39071
86,27.6077785,85.27550271,2.11245
87,27.6067785,85.2895027,1.18007
88,27.6067785,85.2925027,-3.07491
89,27.6087785,85.29650269,-1.24474
90,27.6077785,85.30550269,-1.62408
91,27.6077785,85.30650269,-1.35157
92,27.6087785,85.31150268,-1.74966
93,27.6067785,85.31650268,2.31298
94,27.6057785,85.32250267,7.35827
95,27.6047785,85.32950267,4.97736
96,27.6047785,85.33250267,2.2908
97,27.6057785,85.33650266,4.40315
98,27.6087785,85.34150266,3.50064
99,27.6087785,85.34850265,5.17856
100,27.6057785,85.35250265,6.71401
101,27.6057785,85.35950265,6.07766
102,27.6067785,85.36550264,5.74067
103,27.6057785,85.37150264,4.37095
104,27.6067785,85.37650263,3.33188
105,27.6087785,85.37950263,0.800604
106,27.6087785,85.38350263,6.24575
107,27.6107785,85.25450273,4.60086
108,27.6107785,85.25550273,4.9124
109,27.6097785,85.26150272,8.59772
110,27.6127785,85.26950271,5.58773
111,27.6127785,85.27250271,-0.990443
112,27.6117785,85.27650271,4.37158
113,27.6107785,85.2925027,-6.29628
114,27.6097785,85.29750269,-2.6723
115,27.6127785,85.30350269,-5.93837
116,27.6107785,85.30950268,1.00524
117,27.6117785,85.31150268,-0.674898
118,27.6107785,85.31650268,3.42462
119,27.6117785,85.32550267,7.36296
120,27.6127785,85.32750267,4.93457
121,27.6117785,85.33350267,6.12401
122,27.6107785,85.33850266,5.62552
123,27.6117785,85.34650266,4.97831
124,27.6127785,85.34750265,4.1544
125,27.6127785,85.35250265,5.83684
126,27.6107785,85.36050264,7.12241
127,27.6097785,85.36550264,6.33524
128,27.6107785,85.37050264,2.44353
129,27.6117785,85.37650263,0.390285
130,27.6127785,85.37750263,-1.11564
131,27.6097785,85.38250263,-0.131698
132,27.61477849,85.25350273,7.98496
133,27.61777849,85.25850272,3.55795
134,27.61677849,85.26450272,7.88115
135,27.61677849,85.26950271,2.26296
136,27.61477849,85.27250271,-0.172516
137,27.61577849,85.27950271,2.45377
138,27.61577849,85.2845027,-10.7772
139,27.61777849,85.29550269,-1.00749
140,27.61677849,85.30050269,-2.22904
141,27.61477849,85.30350269,-2.67861
142,27.61777849,85.30950268,-0.235818
143,27.61377849,85.31150268,-1.95723
144,27.61777849,85.31650268,6.12774
145,27.61777849,85.32550267,3.73238
146,27.61777849,85.32950267,-0.0560714
147,27.61777849,85.33350267,1.04347
148,27.61777849,85.33650266,2.38849
149,27.61377849,85.34550266,5.00252
150,27.61477849,85.34850265,6.21467
151,27.61577849,85.35250265,7.01794
152,27.61777849,85.35750265,7.53471
153,27.61777849,85.36550264,6.50035
154,27.61477849,85.37050264,4.87247
155,27.61377849,85.37650263,3.14311
156,27.61377849,85.37950263,-3.22396
157,27.61377849,85.38250263,0.288165
158,27.61377849,85.38750262,7.89294
159,27.62077849,85.25350273,6.11897
160,27.62077849,85.25650272,6.6179
161,27.61977849,85.26150272,5.34852
162,27.61977849,85.26950271,3.68296
163,27.61877849,85.27250271,3.95255
164,27.61977849,85.27950271,3.90789
165,27.61977849,85.28150271,-1.62839
166,27.61877849,85.2895027,-1.6887
167,27.61877849,85.29550269,-1.55247
168,27.61877849,85.29650269,-0.485769
169,27.61877849,85.30150269,-2.31384
170,27.61877849,85.31050268,-0.323155
171,27.62077849,85.31150268,0.919234
172,27.62177849,85.31650268,3.38129
173,27.62077849,85.32550267,2.79512
174,27.62077849,85.33050267,-1.95664
175,27.62077849,85.33350267,-0.610432
176,27.62077849,85.33650266,0.0905514
177,27.62077849,85.34350266,1.84135
178,27.62077849,85.34850265,4.25075
179,27.62077849,85.35650265,4.42597
180,27.62077849,85.35750265,6.17941
181,27.61977849,85.36550264,4.92364
182,27.62077849,85.36850264,6.1734
183,27.62177849,85.37250264,5.70225
184,27.61877849,85.37950263,6.02142
185,27.61977849,85.38350263,5.35673
186,27.62077849,85.39450262,7.63644
187,27.62077849,85.39950261,8.96286
188,27.62077849,85.48650255,1.11154
189,27.62577849,85.24850273,9.20942
190,27.62377849,85.25550273,15.1432
191,27.62477849,85.26350272,9.3344
192,27.62377849,85.26850272,7.94438
193,27.62377849,85.27350271,8.37101
194,27.62477849,85.28050271,7.46429
195,27.62477849,85.2835027,3.66407
196,27.62377849,85.2875027,-3.99184
197,27.62477849,85.2945027,-1.77645
198,27.62677848,85.29650269,-5.49839
199,27.62377849,85.30150269,1.48592
200,27.62677848,85.30950268,-1.76634
201,27.62677848,85.31150268,-1.93374
202,27.62677848,85.32050268,-1.39659
203,27.62677848,85.32550267,-3.71865
204,27.62677848,85.32950267,-7.76637
205,27.62677848,85.33550266,-8.04107
206,27.62677848,85.33950266,-16.6223
207,27.62677848,85.34450266,-25.7821
208,27.62677848,85.34850265,-15.9297
209,27.62677848,85.35350265,-1.98196
210,27.62677848,85.35750265,1.10627
211,27.62277849,85.36550264,3.41943
212,27.62277849,85.37050264,2.99558
213,27.62577849,85.37450263,4.70985
214,27.62577849,85.38650262,5.61618
215,27.62577849,85.38950262,5.59563
216,27.62677848,85.39250262,5.68167
217,27.62477849,85.40050261,5.0999
218,27.62677848,85.40350261,11.1658
219,27.63077848,85.26150272,7.18739
220,27.62877848,85.26550272,7.26484
221,27.62977848,85.2835027,0.513933
222,27.62977848,85.2905027,1.74822
223,27.62777848,85.2945027,-4.67285
224,27.62977848,85.29650269,-0.78151
225,27.62977848,85.30550269,2.14058
226,27.62877848,85.31050268,-3.70421
227,27.62977848,85.31150268,-4.16528
228,27.62877848,85.32050268,-3.38696
229,27.62977848,85.32550267,-4.77013
230,27.62977848,85.33050267,-7.67271
231,27.62977848,85.33550266,-15.7088
232,27.62977848,85.33950266,-34.3563
233,27.62977848,85.34350266,-40.0605
234,27.62977848,85.34850265,-27.174
235,27.62977848,85.35350265,-10.4499
236,27.63077848,85.36150264,-4.49625
237,27.62977848,85.36450264,-0.70841
238,27.62977848,85.36750264,3.6795
239,27.63077848,85.37450263,2.23807
240,27.62977848,85.38150263,4.2805
241,27.62877848,85.38350263,3.20738
242,27.62877848,85.38950262,5.34152
243,27.63077848,85.39550262,5.8768
244,27.62977848,85.39750262,6.14977
245,27.62877848,85.40250261,9.77196
246,27.63077848,85.46550256,4.07458
247,27.63177848,85.26050272,5.3655
248,27.63577848,85.2835027,0.514672
249,27.63377848,85.2895027,-3.53011
250,27.63477848,85.2925027,-4.8238
251,27.63377848,85.29650269,1.29205
252,27.63577848,85.30550269,-2.47927
253,27.63577848,85.30950268,-7.16544
254,27.63577848,85.31450268,-9.35948
255,27.63577848,85.31650268,-10.5524
256,27.63577848,85.32550267,-12.4391
257,27.63577848,85.32950267,-18.8731
258,27.63377848,85.33550266,-33.5418
259,27.63477848,85.33950266,-48.7576
260,27.63577848,85.34150266,-50.7176
261,27.63577848,85.34750265,-46.6342
262,27.63577848,85.35350265,-34.0813
263,27.63577848,85.35750265,-24.771
264,27.63577848,85.36450264,-23.5629
265,27.63577848,85.36750264,-20.3251
266,27.63577848,85.37450263,-6.72317
267,27.63577848,85.37750263,-2.27431
268,27.63577848,85.38350263,2.62542
269,27.63477848,85.38750262,4.19985
270,27.63177848,85.39350262,5.26981
271,27.63377848,85.39850262,5.53169
272,27.63577848,85.40350261,8.50086
273,27.63177848,85.4165026,5.86425
274,27.63577848,85.4195026,9.51688
275,27.63577848,85.43250259,4.10032
276,27.63577848,85.43650259,9.69843
277,27.63477848,85.47850255,6.61115
278,27.63477848,85.48150255,2.7023
279,27.63477848,85.48550255,6.0885
280,27.63777848,85.27450271,7.79527
281,27.63877848,85.27950271,3.97964
282,27.63977847,85.2855027,-11.2636
283,27.63977847,85.2905027,-7.82113
284,27.63877848,85.2925027,-6.39412
285,27.63877848,85.29950269,-4.85562
286,27.63877848,85.30550269,-4.52609
287,27.63877848,85.30950268,-7.85978
288,27.63877848,85.31550268,-20.5221
289,27.63877848,85.31850268,-22.524
290,27.63877848,85.32550267,-19.7998
291,27.63877848,85.33050267,-34.4792
292,27.63977847,85.33250267,-33.0837
293,27.63677848,85.33950266,-47.6668
294,27.63877848,85.34450266,-58.0868
295,27.63877848,85.35050265,-60.6607
296,27.63877848,85.35350265,-58.7051
297,27.63877848,85.35750265,-45.0664
298,27.63877848,85.36350264,-29.849
299,27.63677848,85.36750264,-20.6735
300,27.63877848,85.37350263,-12.4055
301,27.63877848,85.37750263,-5.87261
302,27.63877848,85.38350263,1.38272
303,27.63877848,85.38750262,3.3948
304,27.63777848,85.39650262,5.77488
305,27.63777848,85.39750262,4.42862
306,27.63977847,85.40450261,8.36154
307,27.63877848,85.41150261,5.62323
308,27.63977847,85.4135026,1.89775
309,27.63677848,85.4215026,6.80653
310,27.63677848,85.43250259,4.55672
311,27.63977847,85.43350259,4.81027
312,27.63977847,85.43850259,8.86905
313,27.63677848,85.47550256,5.41596
314,27.63777848,85.47950255,5.90652
315,27.63877848,85.48650255,4.95624
316,27.64177847,85.27350271,-0.278797
317,27.64077847,85.28050271,-1.93938
318,27.64177847,85.2835027,-4.6727
319,27.64177847,85.2885027,-7.25606
320,27.64077847,85.2925027,-6.01437
321,27.64477847,85.29950269,-6.59153
322,27.64477847,85.30450269,-27.6041
323,27.64477847,85.30650269,-24.7387
324,27.64377847,85.31550268,-44.134
325,27.64477847,85.31850268,-56.635
326,27.64477847,85.32250267,-37.104
327,27.64077847,85.32950267,-40.1567
328,27.64477847,85.33550266,-35.4564
329,27.64477847,85.33950266,-68.7676
330,27.64477847,85.34550266,-88.4144
331,27.64477847,85.35050265,-87.9705
332,27.64477847,85.35550265,-94.8164
333,27.64477847,85.35750265,-88.9265
334,27.64477847,85.36650264,-54.7642
335,27.64477847,85.36850264,-63.1778
336,27.64477847,85.37350263,-38.6031
337,27.64477847,85.37750263,-20.6363
338,27.64477847,85.38350263,-9.62107
339,27.64477847,85.38750262,-5.27095
340,27.64477847,85.39350262,1.9676
341,27.64477847,85.39850262,4.40683
342,27.64177847,85.40650261,7.21487
343,27.64377847,85.41250261,4.66235
344,27.64377847,85.4155026,7.10996
345,27.64377847,85.4185026,6.61164
346,27.64377847,85.43150259,5.96668
347,27.64177847,85.43350259,7.33839
348,27.64177847,85.44050258,10.762
349,27.64377847,85.45650257,6.88267
350,27.64177847,85.45950257,4.57576
351,27.64077847,85.46750256,6.56459
352,27.64377847,85.47050256,5.8827
353,27.64277847,85.47650256,7.73146
354,27.64477847,85.48350255,6.23132
355,27.64477847,85.48650255,4.68741
356,27.64677847,85.26850272,6.20159
357,27.64877847,85.27350271,2.18265
358,27.64577847,85.28050271,3.10046
359,27.64577847,85.2855027,-2.94111
360,27.64577847,85.2875027,-7.47671
361,27.64877847,85.2935027,-7.75362
362,27.64677847,85.29950269,-9.40505
363,27.64777847,85.30550269,-34.3228
364,27.64777847,85.30650269,-33.3086
365,27.64577847,85.31550268,-47.8836
366,27.64777847,85.31950268,-62.9428
367,27.64777847,85.32250267,-57.6886
368,27.64777847,85.32650267,-33.3305
369,27.64877847,85.33550266,-37.3548
370,27.64777847,85.33950266,-74.8662
371,27.64777847,85.34450266,-94.6803
372,27.64777847,85.34950265,-91.6395
373,27.64777847,85.35650265,-95.3992
374,27.64777847,85.35750265,-94.6462
375,27.64877847,85.36650264,-78.6128
376,27.64877847,85.36950264,-86.2204
377,27.64777847,85.37350263,-47.5872
378,27.64777847,85.37750263,-26.5039
379,27.64777847,85.38350263,-15.5716
380,27.64777847,85.38850262,-10.4811
381,27.64877847,85.39350262,-1.69458
382,27.64877847,85.40150261,2.28137
383,27.64777847,85.40250261,3.21537
384,27.64677847,85.41050261,3.904
385,27.64877847,85.4145026,1.93385
386,27.64577847,85.4195026,3.34298
387,27.64777847,85.43150259,4.55165
388,27.64777847,85.43350259,4.34318
389,27.64677847,85.43850259,5.95049
390,27.64877847,85.44350258,3.18746
391,27.64577847,85.44950258,4.42866
392,27.64877847,85.45350257,2.69646
393,27.64677847,85.45950257,4.55455
394,27.64877847,85.46350257,6.32588
395,27.64677847,85.47150256,3.08635
396,27.64777847,85.47750256,2.96347
397,27.64877847,85.48350255,4.4057
398,27.64577847,85.48450255,2.56193
399,27.65277846,85.26950271,0.579751
400,27.65377846,85.27250271,0.166922
401,27.65377846,85.27850271,-3.21122
402,27.65377846,85.2835027,-4.10551
403,27.64977847,85.2895027,-4.91887
404,27.65077847,85.2935027,-5.59947
405,27.64977847,85.29950269,-10.6871
406,27.65077847,85.30450269,-36.143
407,27.65077847,85.30650269,-32.9946
408,27.65277846,85.31550268,-52.6327
409,27.65377846,85.31950268,-77.3574
410,27.65377846,85.32550267,-87.2458
411,27.65377846,85.32650267,-83.6762
412,27.65377846,85.33550266,-52.0816
413,27.65277846,85.33950266,-83.6626
414,27.65377846,85.34550266,-102.267
415,27.65377846,85.34750265,-103.835
416,27.65377846,85.35350265,-100.497
417,27.65277846,85.35750265,-97.7133
418,27.65377846,85.36450264,-79.7578
419,27.64977847,85.36850264,-86.9892
420,27.65277846,85.37350263,-51.1754
421,27.65377846,85.37750263,-39.0581
422,27.65377846,85.38350263,-25.755
423,27.65377846,85.39150262,-19.5762
424,27.65277846,85.39350262,-12.7253
425,27.65277846,85.39750262,-2.32023
426,27.65177847,85.40250261,1.07439
427,27.65377846,85.40750261,4.08248
428,27.65077847,85.4165026,4.84489
429,27.65377846,85.4185026,5.02267
430,27.65177847,85.4245026,2.58953
431,27.64977847,85.42950259,1.82119
432,27.65377846,85.43650259,2.2266
433,27.65377846,85.44150258,3.20615
434,27.65177847,85.44650258,-0.709652
435,27.65377846,85.44950258,-0.263341
436,27.65077847,85.45350257,0.845736
437,27.65177847,85.45850257,4.53772
438,27.65277846,85.46450257,5.35924
439,27.65377846,85.47150256,0.42402
440,27.65277846,85.47350256,-1.17989
441,27.65377846,85.48150255,-0.0436536
442,27.65177847,85.48450255,2.73061
443,27.65777846,85.24850273,5.98733
444,27.65677846,85.26350272,0.895617
445,27.65577846,85.26850272,-2.63985
446,27.65777846,85.27350271,-4.29228
447,27.65677846,85.28050271,-8.65725
448,27.65677846,85.28150271,-9.01939
449,27.65777846,85.2865027,-6.86851
450,27.65777846,85.2915027,-0.55469
451,27.65477846,85.29950269,-5.16855
452,27.65477846,85.30550269,-22.3137
453,27.65477846,85.30650269,-18.2713
454,27.65677846,85.31550268,-59.2048
455,27.65777846,85.31950268,-88.7843
456,27.65777846,85.32150267,-94.9669
457,27.65677846,85.32650267,-89.006
458,27.65477846,85.33550266,-54.6628
459,27.65477846,85.33950266,-78.727
460,27.65677846,85.34550266,-103.32
461,27.65677846,85.34850265,-105.708
462,27.65477846,85.35350265,-100.246
463,27.65577846,85.35750265,-97.8623
464,27.65677846,85.36450264,-85.1922
465,27.65677846,85.36750264,-79.2444
466,27.65777846,85.37350263,-54.8634
467,27.65677846,85.37750263,-45.2476
468,27.65677846,85.38650262,-30.3283
469,27.65677846,85.38750262,-32.1059
470,27.65577846,85.39350262,-15.5591
471,27.65677846,85.39750262,-4.5574
472,27.65477846,85.40250261,1.41635
473,27.65477846,85.40950261,3.29934
474,27.65677846,85.4165026,2.8113
475,27.65577846,85.4205026,2.41037
476,27.65677846,85.42750259,2.79283
477,27.65777846,85.42950259,0.749101
478,27.65777846,85.43650259,-1.91398
479,27.65677846,85.44250258,-1.00822
480,27.65777846,85.44450258,-2.31338
481,27.65477846,85.44850258,-0.771009
482,27.65577846,85.45450257,1.59137
483,27.65677846,85.45850257,2.86094
484,27.65677846,85.46650256,1.07445
485,27.65577846,85.47250256,-4.22544
486,27.65677846,85.47450256,-4.47555
487,27.65777846,85.48150255,0.329916
488,27.65677846,85.48650255,5.48311
489,27.66277846,85.24750273,3.94344
490,27.65877846,85.25450273,5.10479
491,27.65877846,85.25550273,2.92971
492,27.65977846,85.26450272,1.38063
493,27.65877846,85.26950271,-0.853541
494,27.66177846,85.27450271,-4.51962
495,27.65977846,85.28050271,-7.95673
496,27.65977846,85.28150271,-12.767
497,27.65977846,85.2865027,-3.92988
498,27.65977846,85.2915027,-1.31183
499,27.66277846,85.29950269,0.952371
500,27.65977846,85.30550269,-4.87516
501,27.66077846,85.30950268,-16.0783
502,27.65977846,85.31550268,-65.8639
503,27.65977846,85.31950268,-90.0384
504,27.65877846,85.32350267,-96.1615
505,27.65877846,85.32650267,-89.9981
506,27.66277846,85.33550266,-68.6968
507,27.66277846,85.33950266,-97.9974
508,27.66277846,85.34350266,-107.675
509,27.65977846,85.34750265,-106.877
510,27.65977846,85.35350265,-97.3146
511,27.65977846,85.35750265,-94.0732
512,27.65977846,85.36350264,-80.5074
513,27.66277846,85.36750264,-76.3983
514,27.66277846,85.37350263,-65.599
515,27.66277846,85.37750263,-64.7099
516,27.66277846,85.38350263,-44.5739
517,27.66177846,85.38950262,-38.7799
518,27.66177846,85.39350262,-15.0897
519,27.66177846,85.39750262,-5.37675
520,27.65877846,85.40350261,3.33897
521,27.66277846,85.40750261,6.05342
522,27.66177846,85.4175026,3.25042
523,27.66277846,85.4215026,-1.29438
524,27.66277846,85.4235026,-2.92472
525,27.66277846,85.43250259,-2.24637
526,27.66277846,85.43750259,-4.56435
527,27.66277846,85.43950258,-4.72312
528,27.66077846,85.44350258,-4.18124
529,27.66177846,85.45050258,-2.89692
530,27.66277846,85.45550257,-0.861472
531,27.66177846,85.46250257,-0.445362
532,27.65977846,85.46650256,-2.89331
533,27.65977846,85.47250256,-4.57296
534,27.65877846,85.47350256,-1.86065
535,27.65877846,85.47950255,-0.0442005
536,27.65877846,85.48550255,3.80961
537,27.66677845,85.23750274,3.71526
538,27.66677845,85.24150274,6.50128
539,27.66377846,85.24750273,3.74017
540,27.66577845,85.25350273,5.64646
541,27.66577845,85.25950272,2.89251
542,27.66577845,85.26450272,1.49536
543,27.66377846,85.26850272,-0.0910655
544,27.66377846,85.27450271,-3.1518
545,27.66377846,85.27950271,-4.21679
546,27.66377846,85.2825027,-5.28636
547,27.66477846,85.2865027,-1.34744
548,27.66477846,85.29550269,0.291936
549,27.66377846,85.30050269,0.226595
550,27.66577845,85.30550269,-6.75213
551,27.66577845,85.30950268,-21.46
552,27.66377846,85.31550268,-61.8802
553,27.66377846,85.31950268,-81.2875
554,27.66577845,85.32450267,-95.1424
555,27.66577845,85.32650267,-91.4653
556,27.66577845,85.33550266,-69.8592
557,27.66377846,85.33950266,-97.5065
558,27.66377846,85.34250266,-107.588
559,27.66377846,85.34850265,-96.8094
560,27.66377846,85.35350265,-87.2431
561,27.66377846,85.35750265,-82.2482
562,27.66577845,85.36650264,-88.3452
563,27.66577845,85.36750264,-89.4811
564,27.66577845,85.37350263,-78.8958
565,27.66477846,85.37750263,-67.2735
566,27.66377846,85.38350263,-36.4786
567,27.66377846,85.38950262,-33.3044
568,27.66377846,85.39350262,-9.12073
569,27.66377846,85.39750262,0.956863
570,27.66577845,85.40650261,2.34145
571,27.66577845,85.41050261,0.112073
572,27.66577845,85.4175026,-7.7058
573,27.66577845,85.4185026,-8.4981
574,27.66577845,85.4245026,-5.68064
575,27.66577845,85.42850259,-5.18389
576,27.66577845,85.43650259,-5.01862
577,27.66477846,85.44050258,-5.511
578,27.66677845,85.44550258,-4.24828
579,27.66677845,85.45250257,-5.45282
580,27.66677845,85.45650257,-4.39966
581,27.66577845,85.45950257,-2.81222
582,27.66377846,85.46450257,-0.0781563
583,27.66477846,85.46850256,1.82468
584,27.66477846,85.47550256,0.808396
585,27.66377846,85.48050255,1.44134
586,27.66577845,85.48450255,5.68413
587,27.67177845,85.23750274,5.47887
588,27.67177845,85.24450273,5.74348
589,27.67177845,85.24850273,2.18931
590,27.67177845,85.25450273,-3.35667
591,27.67177845,85.25850272,-6.25402
592,27.67177845,85.26350272,-5.62104
593,27.67177845,85.26650272,-4.07996
594,27.66877845,85.27050271,-0.347246
595,27.66877845,85.27850271,-0.700585
596,27.66877845,85.28150271,-0.0730609
597,27.67177845,85.2895027,-1.58962
598,27.67177845,85.29550269,-3.72589
599,27.67177845,85.29850269,-4.43181
600,27.67177845,85.30550269,-26.4581
601,27.67177845,85.31050268,-55.1449
602,27.66777845,85.31550268,-53.8759
603,27.67077845,85.31950268,-87.0113
604,27.67177845,85.32450267,-114.525
605,27.67177845,85.32650267,-113.397
606,27.67077845,85.33250267,-95.2992
607,27.66877845,85.33950266,-77.0519
608,27.66877845,85.34150266,-81.0566
609,27.66877845,85.34850265,-62.0503
610,27.67177845,85.35650265,-52.1708
611,27.67177845,85.36150264,-71.4074
612,27.66777845,85.36650264,-97.2731
613,27.66777845,85.36950264,-98.7901
614,27.66877845,85.37350263,-86.2576
615,27.66777845,85.37750263,-68.0588
616,27.67177845,85.38350263,-15.4046
617,27.67177845,85.38750262,-6.68314
618,27.66877845,85.39250262,-5.698
619,27.67177845,85.39750262,-3.00386
620,27.66977845,85.40650261,-3.21991
621,27.67177845,85.41050261,-6.32967
622,27.67177845,85.4175026,-21.6066
623,27.67177845,85.4185026,-22.1014
624,27.67177845,85.42750259,-18.0164
625,27.67177845,85.42950259,-20.2899
626,27.67177845,85.43350259,-18.2948
627,27.67177845,85.43850259,-9.4072
628,27.66877845,85.44450258,-4.7036
629,27.67177845,85.44850258,-5.47204
630,27.66877845,85.45450257,-4.32511
631,27.66977845,85.45850257,-1.81962
632,27.67177845,85.46450257,0.390707
633,27.66777845,85.46850256,0.944726
634,27.67077845,85.47550256,1.36885
635,27.66977845,85.48350255,2.07147
636,27.67077845,85.48650255,0.373498
637,27.67477845,85.23950274,4.84605
638,27.67477845,85.24450273,1.07512
639,27.67477845,85.24950273,-3.08569
640,27.67377845,85.25450273,-6.9711
641,27.67577845,85.25850272,-9.26976
642,27.67477845,85.26050272,-11.261
643,27.67477845,85.26550272,-6.91308
644,27.67377845,85.27150271,1.017
645,27.67277845,85.27550271,2.94752
646,27.67477845,85.2855027,-2.44599
647,27.67477845,85.2875027,-4.63077
648,27.67577845,85.2925027,-5.64674
649,27.67577845,85.29950269,-10.2019
650,27.67477845,85.30550269,-41.0045
651,27.67477845,85.30850268,-58.9347
652,27.67277845,85.31250268,-46.2909
653,27.67377845,85.31950268,-88.0392
654,27.67277845,85.32450267,-113.704
655,27.67277845,85.32650267,-112.051
656,27.67277845,85.33250267,-89.6646
657,27.67277845,85.33650266,-62.2801
658,27.67577845,85.34450266,-84.8889
659,27.67477845,85.34850265,-70.3297
660,27.67377845,85.35650265,-59.6034
661,27.67577845,85.36150264,-84.0838
662,27.67477845,85.36650264,-88.0721
663,27.67477845,85.37150264,-98.1367
664,27.67377845,85.37250264,-95.7814
665,27.67577845,85.37750263,-79.0419
666,27.67477845,85.38350263,-28.887
667,27.67477845,85.38750262,-15.8698
668,27.67477845,85.39350262,-9.75438
669,27.67477845,85.39750262,-7.4058
670,27.67477845,85.40650261,-5.83157
671,27.67477845,85.41050261,-8.12766
672,27.67277845,85.4155026,-17.7276
673,27.67277845,85.4185026,-16.5231
674,27.67277845,85.42750259,-15.8928
675,27.67277845,85.43150259,-21.3582
676,27.67477845,85.43550259,-22.9523
677,27.67477845,85.43850259,-17.2494
678,27.67577845,85.44450258,-5.82323
679,27.67277845,85.45050258,-5.0373
680,27.67477845,85.45550257,-3.9579
681,27.67577845,85.46250257,-1.68946
682,27.67577845,85.46450257,-4.46553
683,27.67377845,85.47150256,0.727755
684,27.67577845,85.47650256,-0.0589346
685,27.67377845,85.48050255,-1.24256
686,27.67577845,85.48450255,0.671302
687,27.68077844,85.23850274,-0.858114
688,27.68077844,85.24350273,-8.27952
689,27.68077844,85.24550273,-7.21325
690,27.68077844,85.25050273,-6.33341
691,27.67777845,85.25850272,-9.06544
692,27.67777845,85.26150272,-11.2398
693,27.67677845,85.26550272,-6.89913
694,27.67677845,85.27150271,2.74849
695,27.68077844,85.28050271,-13.515
696,27.67977844,85.28150271,-12.3872
697,27.68077844,85.2885027,-10.5339
698,27.67677845,85.2915027,-5.45172
699,27.67777845,85.29950269,-13.3726
700,27.67677845,85.30550269,-54.0993
701,27.67677845,85.30850268,-63.7806
702,27.68077844,85.31550268,-62.6383
703,27.67777845,85.31950268,-72.9143
704,27.67777845,85.32450267,-85.7353
705,27.67777845,85.32650267,-80.1773
706,27.67777845,85.33250267,-47.8371
707,27.67677845,85.33950266,-68.8514
708,27.67677845,85.34650266,-84.3896
709,27.67777845,85.34850265,-76.053
710,27.67877844,85.35350265,-41.8956
711,27.67777845,85.36050264,-80.6266
712,27.67977844,85.36550264,-92.2674
713,27.67777845,85.36850264,-89.8414
714,27.67777845,85.37350263,-82.1947
715,27.67777845,85.37750263,-73.4781
716,27.68077844,85.38650262,-50.8815
717,27.68077844,85.39150262,-53.9882
718,27.68077844,85.39350262,-48.6489
719,27.68077844,85.39750262,-31.0941
720,27.68077844,85.40650261,-37.1053
721,27.68077844,85.40950261,-45.6994
722,27.68077844,85.4145026,-30.7088
723,27.68077844,85.4185026,-20.5977
724,27.68077844,85.4245026,-10.2821
725,27.68077844,85.42950259,-10.3144
726,27.67777845,85.43750259,-17.0813
727,27.67677845,85.43850259,-17.5536
728,27.67977844,85.44450258,-9.95859
729,27.67877844,85.44950258,-6.33384
730,27.67877844,85.45350257,-8.54322
731,27.67877844,85.45850257,-5.93789
732,27.67777845,85.46750256,-0.958329
733,27.67777845,85.46950256,0.118215
734,27.68077844,85.47550256,-0.0696628
735,27.68077844,85.47950255,1.46201
736,27.67977844,85.48450255,1.83212
737,27.68277844,85.23850274,-1.23427
738,27.68177844,85.24350273,-7.69812
739,27.68177844,85.24750273,-6.60401
740,27.68277844,85.25150273,-6.2556
741,27.68177844,85.25750272,-4.72017
742,27.68177844,85.26150272,-2.27403
743,27.68177844,85.26550272,1.09769
744,27.68377844,85.27450271,-0.733121
745,27.68177844,85.27950271,-12.6181
746,27.68377844,85.2855027,-13.5344
747,27.68477844,85.2865027,-14.684
748,27.68377844,85.2925027,-9.8571
749,27.68377844,85.29950269,-9.50778
750,27.68477844,85.30550269,-44.7865
751,27.68377844,85.30950268,-66.1454
752,27.68277844,85.31150268,-73.0383
753,27.68177844,85.31750268,-69.1133
754,27.68177844,85.32250267,-57.3675
755,27.68177844,85.32650267,-40.9218
756,27.68377844,85.33550266,-44.5766
757,27.68377844,85.33650266,-47.9721
758,27.68177844,85.34250266,-40.6159
759,27.68177844,85.35150265,-46.711
760,27.68177844,85.35350265,-38.0699
761,27.68177844,85.36050264,-52.5101
762,27.68177844,85.36450264,-77.2399
763,27.68177844,85.36750264,-66.1251
764,27.68177844,85.37350263,-57.0348
765,27.68177844,85.37750263,-49.7664
766,27.68377844,85.38650262,-59.5563
767,27.68377844,85.39050262,-73.3053
768,27.68377844,85.39350262,-72.6021
769,27.68377844,85.39750262,-65.6639
770,27.68477844,85.40550261,-86.6782
771,27.68477844,85.40750261,-78.5479
772,27.68377844,85.4145026,-61.2428
773,27.68377844,85.4185026,-46.4877
774,27.68477844,85.42650259,-31.1162
775,27.68377844,85.43150259,-29.6609
776,27.68377844,85.43350259,-15.3376
777,27.68177844,85.44150258,-11.5167
778,27.68277844,85.44450258,-8.66344
779,27.68277844,85.44850258,-2.45851
780,27.68277844,85.45450257,-0.770385
781,27.68277844,85.46050257,1.36324
782,27.68277844,85.46650256,0.301876
783,27.68177844,85.46850256,-0.273255
784,27.68377844,85.47650256,-0.323775
785,27.68377844,85.47950255,2.17737
786,27.68477844,85.48650255,0.565148
787,27.68977844,85.23850274,0.467868
788,27.68577844,85.24450273,-5.8887
789,27.68877844,85.24850273,-10.7063
790,27.68977844,85.25050273,-10.8656
791,27.68577844,85.25550273,-5.37406
792,27.68777844,85.26150272,3.55602
793,27.68977844,85.26850272,-2.37068
794,27.68977844,85.27450271,-7.3962
795,27.68677844,85.28050271,-15.6079
796,27.68777844,85.28150271,-19.0164
797,27.68977844,85.2865027,-12.4527
798,27.68977844,85.29550269,-14.9865
799,27.68977844,85.29950269,-20.5407
800,27.68777844,85.30550269,-44.5162
801,27.68677844,85.31050268,-56.0974
802,27.68677844,85.31250268,-50.3143
803,27.68677844,85.31650268,-38.416
804,27.68977844,85.32250267,-30.383
805,27.68977844,85.32950267,-35.6432
806,27.68977844,85.33550266,-67.0623
807,27.68977844,85.33650266,-68.0819
808,27.68977844,85.34250266,-41.5916
809,27.68677844,85.35050265,-15.5849
810,27.68677844,85.35450265,-20.3738
811,27.68677844,85.35750265,-14.5913
812,27.68677844,85.36650264,-14.047
813,27.68677844,85.37050264,-20.9931
814,27.68677844,85.37650263,-27.7118
815,27.68677844,85.38050263,-33.3449
816,27.68777844,85.38650262,-73.1259
817,27.68877844,85.39150262,-91.9089
818,27.68677844,85.39650262,-97.557
819,27.68577844,85.39750262,-93.5497
820,27.68577844,85.40450261,-87.9683
821,27.68677844,85.40750261,-63.1059
822,27.68677844,85.4145026,-47.9207
823,27.68577844,85.4185026,-44.1686
824,27.68677844,85.42750259,-33.2424
825,27.68777844,85.43250259,-45.1476
826,27.68977844,85.43450259,-33.5905
827,27.68777844,85.44050258,-19.4941
828,27.68877844,85.44350258,-9.613
829,27.68977844,85.44950258,-2.57639
830,27.68777844,85.45450257,1.85425
831,27.68877844,85.46250257,1.8381
832,27.68777844,85.46450257,2.85842
833,27.68977844,85.46950256,3.71887
834,27.68977844,85.47750256,-0.482966
835,27.68977844,85.48250255,-0.131509
836,27.68677844,85.48450255,2.47226
837,27.69377843,85.23750274,-0.0465059
838,27.69077844,85.24450273,-3.48824
839,27.69077844,85.24850273,-7.69407
840,27.69077844,85.25050273,-10.2782
841,27.69077844,85.25550273,-3.66968
842,27.69277843,85.26450272,2.74989
843,27.69177843,85.26850272,-5.81243
844,27.69277843,85.27450271,-13.1211
845,27.69277843,85.28050271,-25.2898
846,27.69277843,85.2825027,-26.252
847,27.69277843,85.2895027,-37.107
848,27.69277843,85.2915027,-41.0005
849,27.69277843,85.29650269,-36.329
850,27.69077844,85.30550269,-39.2551
851,27.69077844,85.30650269,-39.5818
852,27.69277843,85.31150268,-37.3402
853,27.69277843,85.32050268,-36.5668
854,27.69277843,85.32250267,-35.275
855,27.69077844,85.32950267,-38.4948
856,27.69077844,85.33550266,-65.6668
857,27.69077844,85.33750266,-66.9983
858,27.69177843,85.34250266,-48.6222
859,27.69277843,85.34850265,-14.2122
860,27.69277843,85.35450265,-20.3364
861,27.69277843,85.35750265,-18.3735
862,27.69277843,85.36350264,-7.58305
863,27.69077844,85.37050264,-6.05285
864,27.69077844,85.37650263,-16.2188
865,27.69077844,85.38050263,-27.1336
866,27.69077844,85.38650262,-62.4407
867,27.69077844,85.38850262,-72.8993
868,27.69077844,85.39350262,-57.5481
869,27.69077844,85.39750262,-52.4035
870,27.69077844,85.40350261,-43.4465
871,27.69077844,85.40750261,-28.659
872,27.69077844,85.4145026,-23.0812
873,27.69077844,85.4185026,-20.4544
874,27.69277843,85.42750259,-24.5767
875,27.69177843,85.43250259,-33.4136
876,27.69077844,85.43450259,-36.6201
877,27.69177843,85.43850259,-16.9612
878,27.69177843,85.44750258,-5.32772
879,27.69077844,85.45050258,-4.25031
880,27.69377843,85.45350257,-1.81224
881,27.69277843,85.46250257,0.704103
882,27.69277843,85.46650256,0.680286
883,27.69177843,85.47050256,2.78478
884,27.69077844,85.47450256,3.66408
885,27.69077844,85.48150255,-1.15338
886,27.69277843,85.48550255,1.11913
887,27.69577843,85.23850274,1.74473
888,27.69577843,85.24450273,-0.609151
889,27.69577843,85.24850273,-1.86561
890,27.69577843,85.25250273,-0.750475
891,27.69577843,85.25550273,0.448007
892,27.69877843,85.26450272,-1.97406
893,27.69677843,85.26950271,-24.6247
894,27.69877843,85.27450271,-47.3962
895,27.69777843,85.27750271,-54.9775
896,27.69577843,85.2855027,-49.101
897,27.69877843,85.2895027,-81.0551
898,27.69877843,85.2915027,-87.3837
899,27.69877843,85.29650269,-67.65
900,27.69877843,85.30550269,-69.9834
901,27.69877843,85.30650269,-69.204
902,27.69877843,85.31250268,-61.8822
903,27.69877843,85.31650268,-48.2615
904,27.69877843,85.32250267,-39.3225
905,27.69877843,85.32650267,-38.5781
906,27.69577843,85.33550266,-51.391
907,27.69577843,85.33750266,-56.4519
908,27.69577843,85.34250266,-44.8319
909,27.69877843,85.35050265,-20.625
910,27.69677843,85.35450265,-28.642
911,27.69677843,85.35750265,-21.5879
912,27.69877843,85.36350264,-19.5648
913,27.69877843,85.36750264,-14.0353
914,27.69877843,85.37350263,-11.134
915,27.69877843,85.37750263,-7.64198
916,27.69577843,85.38650262,-15.8974
917,27.69577843,85.38850262,-19.0622
918,27.69577843,85.39550262,-11.8301
919,27.69577843,85.40150261,-11.2423
920,27.69577843,85.40550261,-11.2535
921,27.69677843,85.40750261,-11.1133
922,27.69477843,85.4175026,-16.0672
923,27.69477843,85.4185026,-17.4352
924,27.69577843,85.4255026,-16.815
925,27.69477843,85.42850259,-21.1724
926,27.69477843,85.43450259,-23.3687
927,27.69477843,85.44050258,-9.00305
928,27.69577843,85.44450258,-9.74936
929,27.69577843,85.45250257,-1.17731
930,27.69577843,85.45550257,-0.454356
931,27.69677843,85.45950257,-2.65992
932,27.69777843,85.46450257,-0.786143
933,27.69677843,85.46850256,0.4101
934,27.69577843,85.47450256,1.33812
935,27.69477843,85.48250255,0.0453594
936,27.69577843,85.48450255,0.532361
937,27.69977843,85.23750274,3.2883
938,27.69977843,85.24450273,1.81796
939,27.69977843,85.24650273,1.40092
940,27.69977843,85.25050273,2.76792
941,27.70277843,85.25550273,3.68655
942,27.69977843,85.26450272,-3.34421
943,27.69977843,85.26850272,-14.7001
944,27.69977843,85.27450271,-47.851
945,27.69977843,85.27650271,-52.0264
946,27.70177843,85.2855027,-62.6124
947,27.69977843,85.2875027,-81.2936
948,27.70077843,85.29550269,-89.327
949,27.70177843,85.29650269,-85.4354
950,27.70077843,85.30550269,-73.8134
951,27.70177843,85.31050268,-73.6003
952,27.70177843,85.31250268,-72.9893
953,27.70177843,85.31650268,-64.0329
954,27.70177843,85.32450267,-58.0193
955,27.70177843,85.32650267,-56.0221
956,27.69977843,85.33550266,-43.0725
957,27.69977843,85.33850266,-48.0188
958,27.69977843,85.34250266,-39.3822
959,27.69977843,85.35050265,-19.0296
960,27.69977843,85.35350265,-23.6387
961,27.70177843,85.36050264,-24.2539
962,27.70177843,85.36350264,-26.422
963,27.70177843,85.36850264,-22.802
964,27.70177843,85.37350263,-18.8248
965,27.70177843,85.37750263,-14.4996
966,27.70177843,85.38350263,-4.86341
967,27.69977843,85.38850262,-7.76755
968,27.69977843,85.39250262,-9.24654
969,27.70077843,85.39750262,-8.44804
970,27.69977843,85.40550261,-8.89651
971,27.69977843,85.41150261,-7.19361
972,27.69977843,85.4155026,-6.19126
973,27.69977843,85.4205026,-7.53285
974,27.70077843,85.42750259,-10.2028
975,27.69977843,85.43050259,-9.61515
976,27.70077843,85.43550259,-10.1591
977,27.70077843,85.43850259,-4.49864
978,27.70077843,85.44750258,-2.63837
979,27.70077843,85.44850258,-1.01852
980,27.70277843,85.45550257,-0.177196
981,27.69977843,85.46050257,-0.707531
982,27.70077843,85.46550256,0.224999
983,27.70277843,85.46850256,1.96141
984,27.70077843,85.47450256,4.25254
985,27.69977843,85.47950255,6.44309
986,27.70077843,85.48550255,10.3739
987,27.70377843,85.23850274,4.29697
988,27.70777842,85.24050274,2.08031
989,27.70477842,85.24550273,3.80476
990,27.70677842,85.25150273,3.46929
991,27.70777842,85.25650272,2.54491
992,27.70377843,85.26450272,-2.39163
993,27.70577842,85.26850272,-5.24767
994,27.70477842,85.27250271,-14.5146
995,27.70777842,85.28050271,-48.9324
996,27.70477842,85.2855027,-63.689
997,27.70377843,85.2905027,-112.699
998,27.70777842,85.2915027,-95.6122
999,27.70377843,85.29650269,-90.353
1000,27.70677842,85.30550269,-69.3626
1001,27.70777842,85.30950268,-91.3921
1002,27.70777842,85.31350268,-105.893
1003,27.70777842,85.31650268,-97.9656
1004,27.70777842,85.32550267,-83.6482
1005,27.70777842,85.32650267,-84.2811
1006,27.70777842,85.33250267,-58.2018
1007,27.70477842,85.33950266,-40.3775
1008,27.70477842,85.34150266,-40.6263
1009,27.70477842,85.34850265,-8.00705
1010,27.70477842,85.35650265,-11.6648
1011,27.70477842,85.36050264,-21.4606
1012,27.70477842,85.36350264,-38.0391
1013,27.70577842,85.37050264,-30.8404
1014,27.70677842,85.37250264,-28.2886
1015,27.70577842,85.37750263,-22.7182
1016,27.70477842,85.38350263,-7.85977
1017,27.70477842,85.38750262,-4.29001
1018,27.70377843,85.39550262,-6.29505
1019,27.70577842,85.40050261,-8.96518
1020,27.70677842,85.40650261,-9.93711
1021,27.70677842,85.40750261,-5.77767
1022,27.70677842,85.4165026,-2.51822
1023,27.70777842,85.4225026,-3.98663
1024,27.70677842,85.42750259,-5.8166
1025,27.70577842,85.43050259,-6.43933
1026,27.70777842,85.43350259,-5.96741
1027,27.70377843,85.44050258,-1.23255
1028,27.70377843,85.44450258,-0.25321
1029,27.70577842,85.45250257,1.45581
1030,27.70777842,85.45450257,0.556511
1031,27.70377843,85.46050257,1.13657
1032,27.70477842,85.46450257,2.26593
1033,27.70677842,85.46850256,2.3154
1034,27.70577842,85.47850255,1.20503
1035,27.70677842,85.48350255,2.90336
1036,27.70877842,85.23850274,1.97597
1037,27.70877842,85.24050274,3.04865
1038,27.71177842,85.25450273,1.5408
1039,27.71077842,85.25650272,0.501873
1040,27.70877842,85.26450272,0.284661
1041,27.70877842,85.26850272,-0.51182
1042,27.70877842,85.27450271,-2.86106
1043,27.70877842,85.28050271,-46.8514
1044,27.70977842,85.2835027,-56.503
1045,27.70977842,85.2925027,-72.0573
1046,27.70877842,85.29650269,-66.6232
1047,27.70877842,85.30550269,-65.0499
1048,27.71077842,85.30950268,-98.7698
1049,27.71177842,85.31350268,-111.839
1050,27.71077842,85.31650268,-103.176
1051,27.71077842,85.32450267,-103.459
1052,27.71077842,85.32650267,-104.08
1053,27.71077842,85.33250267,-79.4446
1054,27.71077842,85.33650266,-32.2809
1055,27.70877842,85.34150266,-27.1528
1056,27.70877842,85.35150265,-1.57138
1057,27.70877842,85.35650265,-4.01101
1058,27.70877842,85.36050264,-16.1782
1059,27.70877842,85.36350264,-25.9009
1060,27.70877842,85.36950264,-23.5007
1061,27.70877842,85.37250264,-23.1729
1062,27.70877842,85.37750263,-16.7331
1063,27.70877842,85.38350263,-6.75625
1064,27.70877842,85.38750262,-3.60663
1065,27.70877842,85.39650262,-2.97731
1066,27.71177842,85.40150261,-6.74946
1067,27.71077842,85.40650261,-9.68932
1068,27.70877842,85.40750261,-10.047
1069,27.70877842,85.4155026,-0.461332
1070,27.70877842,85.4225026,-2.60497
1071,27.70877842,85.4245026,-3.17869
1072,27.70877842,85.42950259,-7.23541
1073,27.70977842,85.43350259,-2.32428
1074,27.70877842,85.44250258,2.79146
1075,27.71077842,85.44550258,2.60867
1076,27.71077842,85.44850258,4.2766
1077,27.70977842,85.45750257,1.13955
1078,27.70877842,85.46250257,5.47956
1079,27.70877842,85.46650256,0.91084
1080,27.70877842,85.46950256,5.26636
1081,27.70877842,85.47850255,4.54357
1082,27.71077842,85.47950255,3.81256
1083,27.71077842,85.48650255,7.729
1084,27.71677842,85.24450273,4.53749
1085,27.71577842,85.24650273,3.91847
1086,27.71677842,85.25350273,0.266268
1087,27.71277842,85.25850272,1.2766
1088,27.71377842,85.26150272,2.49328
1089,27.71377842,85.26750272,2.82344
1090,27.71277842,85.27450271,0.422653
1091,27.71277842,85.27950271,-17.8392
1092,27.71677842,85.2855027,-15.0673
1093,27.71677842,85.2945027,-59.5144
1094,27.71677842,85.29650269,-41.5929
1095,27.71377842,85.30550269,-56.0119
1096,27.71377842,85.30950268,-96.1017
1097,27.71677842,85.31550268,-119.273
1098,27.71677842,85.32050268,-142.084
1099,27.71677842,85.32550267,-143.009
1100,27.71677842,85.32850267,-147.492
1101,27.71677842,85.33250267,-127.651
1102,27.71677842,85.33650266,-66.4836
1103,27.71677842,85.34150266,-44.3463
1104,27.71677842,85.34850265,-27.9988
1105,27.71677842,85.35350265,-15.8216
1106,27.71677842,85.35750265,-10.3029
1107,27.71677842,85.36350264,-6.7485
1108,27.71377842,85.37050264,-5.73656
1109,27.71377842,85.37250264,-6.02912
1110,27.71377842,85.37750263,-4.3095
1111,27.71377842,85.38350263,-2.40277
1112,27.71577842,85.39150262,-1.94988
1113,27.71277842,85.39250262,-1.77057
1114,27.71377842,85.40050261,-3.1572
1115,27.71277842,85.40650261,-5.13889
1116,27.71577842,85.41250261,-5.79511
1117,27.71477842,85.4135026,-4.55408
1118,27.71377842,85.4205026,-1.65893
1119,27.71377842,85.4255026,-0.316112
1120,27.71277842,85.43150259,-3.50559
1121,27.71277842,85.43550259,2.81061
1122,27.71677842,85.43850259,5.58527
1123,27.71577842,85.44750258,2.00894
1124,27.71477842,85.44850258,3.34336
1125,27.71677842,85.46950256,8.01971
1126,27.71677842,85.47850255,-1.40175
1127,27.71477842,85.48050255,5.43048
1128,27.71677842,85.48650255,5.77624
1129,27.72077841,85.23750274,-5.46834
1130,27.72077841,85.24150274,0.571259
1131,27.71977841,85.24550273,1.24501
1132,27.71877841,85.25150273,0.566845
1133,27.71777841,85.25550273,1.18592
1134,27.71777841,85.26050272,2.59503
1135,27.72077841,85.26550272,3.61287
1136,27.71877841,85.27450271,2.60154
1137,27.72077841,85.27650271,-8.87377
1138,27.71977841,85.2905027,-60.9946
1139,27.71777841,85.2925027,-65.1645
1140,27.71777841,85.29650269,-42.4317
1141,27.72077841,85.30550269,-45.0973
1142,27.71777841,85.30950268,-77.7102
1143,27.71877841,85.31550268,-125.388
1144,27.71977841,85.32050268,-162.361
1145,27.71977841,85.32250267,-160.373
1146,27.71977841,85.32650267,-154.824
1147,27.71977841,85.33250267,-142.271
1148,27.71977841,85.33650266,-94.105
1149,27.71777841,85.34250266,-46.4889
1150,27.71877841,85.34750265,-37.1745
1151,27.71977841,85.35350265,-23.8066
1152,27.71977841,85.35750265,-16.0057
1153,27.71977841,85.36350264,-11.0884
1154,27.72077841,85.36750264,-8.50584
1155,27.71977841,85.37350263,-4.01218
1156,27.71977841,85.37850263,-3.96876
1157,27.71977841,85.38250263,-4.06778
1158,27.72077841,85.39050262,-2.45162
1159,27.72077841,85.39350262,-1.83644
1160,27.71877841,85.39950261,-0.824689
1161,27.71977841,85.40650261,-1.70468
1162,27.71777841,85.41050261,-4.22132
1163,27.71877841,85.4155026,-4.92439
1164,27.72077841,85.4205026,-3.4998
1165,27.71977841,85.4245026,3.25125
1166,27.72077841,85.43250259,2.52819
1167,27.71977841,85.43650259,4.61574
1168,27.72077841,85.44250258,-7.55753
1169,27.72077841,85.44750258,-9.86856
1170,27.72077841,85.45550257,-2.40106
1171,27.71777841,85.46150257,8.73571
1172,27.71877841,85.46550256,3.78047
1173,27.72077841,85.47050256,1.29148
1174,27.71777841,85.47650256,1.33947
1175,27.71777841,85.48250255,0.0996999
1176,27.71877841,85.48450255,2.40924
1177,27.72277841,85.23750274,-2.14462
1178,27.72277841,85.24050274,1.48226
1179,27.72477841,85.24950273,2.95769
1180,27.72277841,85.25150273,3.58326
1181,27.72577841,85.25550273,1.06463
1182,27.72577841,85.26450272,2.65916
1183,27.72577841,85.26550272,3.26335
1184,27.72277841,85.27450271,-0.293452
1185,27.72577841,85.27750271,-8.96855
1186,27.72577841,85.2845027,-64.0788
1187,27.72177841,85.2875027,-72.9738
1188,27.72577841,85.29550269,-45.885
1189,27.72577841,85.29650269,-46.0641
1190,27.72277841,85.30550269,-44.3939
1191,27.72277841,85.30950268,-54.0795
1192,27.72277841,85.31550268,-97.3348
1193,27.72177841,85.32050268,-169.459
1194,27.72277841,85.32150267,-168.004
1195,27.72277841,85.32650267,-157.826
1196,27.72177841,85.33250267,-144.226
1197,27.72377841,85.33650266,-106.585
1198,27.72577841,85.34250266,-65.0433
1199,27.72277841,85.35150265,-25.9685
1200,27.72177841,85.35350265,-26.5966
1201,27.72377841,85.35750265,-25.5183
1202,27.72277841,85.36350264,-14.1976
1203,27.72577841,85.36950264,-8.30025
1204,27.72577841,85.37350263,-7.10816
1205,27.72477841,85.37750263,-3.68578
1206,27.72277841,85.38550263,-2.16468
1207,27.72577841,85.39150262,-6.13137
1208,27.72377841,85.39350262,-3.4383
1209,27.72177841,85.40150261,-0.969256
1210,27.72277841,85.40450261,-1.35122
1211,27.72177841,85.41050261,-2.0373
1212,27.72277841,85.4165026,-3.17694
1213,27.72277841,85.4205026,-4.42165
1214,27.72477841,85.4235026,-3.64748
1215,27.72377841,85.42950259,-2.83051
1216,27.72477841,85.43550259,-6.23288
1217,27.72277841,85.43850259,-11.3271
1218,27.72577841,85.44350258,-7.77932
1219,27.72277841,85.45150258,1.08132
1220,27.72177841,85.45750257,1.31503
1221,27.72177841,85.46250257,0.59024
1222,27.72577841,85.46750256,0.242274
1223,27.72277841,85.47250256,1.08512
1224,27.72377841,85.47550256,1.16378
1225,27.72277841,85.48250255,3.06394
1226,27.72377841,85.48450255,0.555574
1227,27.72777841,85.23850274,1.64517
1228,27.72777841,85.24250274,2.03507
1229,27.72677841,85.24550273,3.11622
1230,27.72677841,85.25450273,3.48355
1231,27.72877841,85.25550273,2.98454
1232,27.72877841,85.26250272,-2.60681
1233,27.72677841,85.26750272,1.05089
1234,27.72677841,85.27450271,2.75883
1235,27.72677841,85.27750271,-5.17592
1236,27.72777841,85.2855027,-81.3203
1237,27.72777841,85.2865027,-86.4283
1238,27.72677841,85.29550269,-47.5641
1239,27.72677841,85.29650269,-47.4514
1240,27.72677841,85.30550269,-22.2254
1241,27.72677841,85.30650269,-23.4658
1242,27.72677841,85.31550268,-32.513
1243,27.72877841,85.31950268,-51.8725
1244,27.72677841,85.32550267,-149.5
1245,27.72677841,85.32650267,-147.079
1246,27.72977841,85.33250267,-125.236
1247,27.72877841,85.33650266,-101.858
1248,27.72877841,85.34250266,-76.9558
1249,27.72877841,85.34850265,-25.1807
1250,27.72677841,85.35650265,-13.4847
1251,27.72677841,85.35950265,-14.9044
1252,27.72677841,85.36350264,-9.27029
1253,27.72677841,85.36750264,-8.56299
1254,27.72677841,85.37350263,-6.9812
1255,27.72677841,85.37750263,-2.34425
1256,27.72777841,85.38350263,1.62731
1257,27.72677841,85.38850262,-0.912998
1258,27.72777841,85.39450262,-3.81116
1259,27.72877841,85.39850262,-2.56658
1260,27.72677841,85.40250261,-0.0134428
1261,27.72977841,85.41050261,-0.804994
1262,27.72877841,85.4175026,0.616953
1263,27.72677841,85.4225026,-1.11186
1264,27.72677841,85.4255026,-1.53589
1265,27.72677841,85.43150259,-1.7952
1266,27.72777841,85.43350259,-1.77167
1267,27.72677841,85.44050258,-5.4373
1268,27.72677841,85.44350258,-1.32215
1269,27.72777841,85.45050258,0.0679952
1270,27.72877841,85.45450257,2.96039
1271,27.72677841,85.46150257,4.20546
1272,27.72677841,85.46550256,2.29512
1273,27.72977841,85.47050256,-0.328272
1274,27.72877841,85.47450256,3.54154
1275,27.72677841,85.47950255,3.2982
1276,27.7327784,85.23750274,1.80877
1277,27.7327784,85.24450273,-1.39256
1278,27.7327784,85.24550273,-0.0828835
1279,27.7317784,85.25050273,2.393
1280,27.7307784,85.25650272,2.38289
1281,27.7307784,85.2875027,-87.3488
1282,27.7347784,85.2915027,-52.8566
1283,27.7317784,85.29650269,-36.5705
1284,27.7347784,85.30450269,-12.3264
1285,27.7347784,85.30950268,-14.0823
1286,27.7347784,85.31550268,-20.3152
1287,27.7307784,85.32050268,-38.7099
1288,27.7337784,85.32150267,-39.591
1289,27.7317784,85.32950267,-132.247
1290,27.7337784,85.33150267,-124.066
1291,27.7337784,85.33650266,-108.75
1292,27.7347784,85.34250266,-89.7407
1293,27.7347784,85.34850265,-55.919
1294,27.7337784,85.35450265,-35.8663
1295,27.7337784,85.35750265,-25.5709
1296,27.7337784,85.36350264,-9.30027
1297,27.7317784,85.36750264,-4.76545
1298,27.7317784,85.37350263,-1.41365
1299,27.7317784,85.37750263,-0.140669
1300,27.7317784,85.38350263,2.52208
1301,27.7307784,85.39050262,2.99794
1302,27.7337784,85.39350262,-0.198715
1303,27.7317784,85.39850262,-6.18835
1304,27.7347784,85.40650261,-2.07784
1305,27.7347784,85.41050261,-2.35096
1306,27.7307784,85.4175026,-1.19323
1307,27.7347784,85.4225026,-3.02848
1308,27.7347784,85.4245026,-2.00914
1309,27.7327784,85.43250259,-3.03336
1310,27.7347784,85.43550259,-3.87061
1311,27.7317784,85.44150258,-1.88819
1312,27.7317784,85.44450258,-2.34049
1313,27.7307784,85.45250257,-0.678671
1314,27.7337784,85.45450257,-0.882213
1315,27.7347784,85.46250257,0.325259
1316,27.7347784,85.46450257,1.43018
1317,27.7337784,85.46850256,0.557929
1318,27.7327784,85.47350256,3.16513
1319,27.7357784,85.24450273,5.23978
1320,27.7387784,85.2875027,-28.5691
1321,27.7367784,85.2915027,-49.9473
1322,27.7377784,85.29950269,-19.2101
1323,27.7377784,85.30450269,-20.2026
1324,27.7377784,85.30950268,-23.895
1325,27.7377784,85.31550268,-28.6103
1326,27.7377784,85.31950268,-37.2847
1327,27.7357784,85.32550267,-45.8168
1328,27.7377784,85.32850267,-48.5252
1329,27.7357784,85.33350267,-109.891
1330,27.7357784,85.33650266,-102.074
1331,27.7357784,85.34250266,-83.4779
1332,27.7357784,85.34850265,-58.1393
1333,27.7357784,85.35350265,-29.727
1334,27.7357784,85.35750265,-19.7726
1335,27.7357784,85.36250264,-5.13501
1336,27.7357784,85.36750264,0.284078
1337,27.7357784,85.37350263,3.32949
1338,27.7357784,85.37850263,3.57478
1339,27.7357784,85.38350263,5.19222
1340,27.7377784,85.38950262,5.33555
1341,27.7367784,85.39550262,1.97179
1342,27.7367784,85.40050261,0.717406
1343,27.7377784,85.40550261,-3.5266
1344,27.7367784,85.40950261,-4.85275
1345,27.7387784,85.4135026,-3.75728
1346,27.7357784,85.4225026,-1.9246
1347,27.7387784,85.42650259,-4.13334
1348,27.7377784,85.42850259,-4.58544
1349,27.7357784,85.43350259,-1.22618
1350,27.7367784,85.43850259,-1.09377
1351,27.7367784,85.44350258,0.226466
1352,27.7377784,85.44850258,-2.42464
1353,27.7357784,85.45650257,-2.09122
1354,27.7387784,85.45850257,0.591163
1355,27.7367784,85.46350257,-0.485729
1356,27.7387784,85.46850256,-1.87552
1357,27.7427784,85.29550269,0.000864606
1358,27.7437784,85.29950269,-27.6608
1359,27.7427784,85.30350269,-62.4883
1360,27.7417784,85.30750269,-57.9007
1361,27.7407784,85.31550268,-32.8725
1362,27.7407784,85.32050268,-54.2371
1363,27.7417784,85.32450267,-61.4769
1364,27.7427784,85.32650267,-51.6321
1365,27.7407784,85.33550266,-45.2142
1366,27.7407784,85.33950266,-55.509
1367,27.7407784,85.34250266,-50.9881
1368,27.7407784,85.34850265,-31.2538
1369,27.7407784,85.35350265,-8.16174
1370,27.7407784,85.35750265,-6.34198
1371,27.7407784,85.36350264,3.6569
1372,27.7427784,85.37050264,4.52831
1373,27.7427784,85.37650263,4.45352
1374,27.7437784,85.38050263,1.04848
1375,27.7437784,85.38550263,1.78587
1376,27.7437784,85.38750262,1.18196
1377,27.7437784,85.39550262,1.28487
1378,27.7427784,85.40150261,0.00164391
1379,27.7407784,85.40650261,-1.18656
1380,27.7397784,85.40950261,-2.35185
1381,27.7437784,85.4175026,-2.16186
1382,27.7407784,85.4185026,-0.699092
1383,27.7407784,85.4255026,-1.66345
1384,27.7397784,85.42950259,-4.4041
1385,27.7407784,85.43350259,-1.77078
1386,27.7437784,85.43950258,-3.04406
1387,27.7417784,85.44650258,-0.660798
1388,27.7407784,85.44950258,1.82878
1389,27.7407784,85.45350257,2.76172
1390,27.7407784,85.45850257,2.06895
1391,27.7417784,85.46550256,1.11289
1392,27.74677839,85.29550269,-13.2513
1393,27.74777839,85.29850269,-31.4303
1394,27.74477839,85.30450269,-71.5279
1395,27.74477839,85.30650269,-57.3676
1396,27.74777839,85.31250268,-21.0958
1397,27.74477839,85.31950268,-25.5919
1398,27.74477839,85.32550267,-38.3533
1399,27.74477839,85.32650267,-38.1208
1400,27.74477839,85.33550266,-22.4362
1401,27.74477839,85.34050266,-34.542
1402,27.74477839,85.34250266,-30.362
1403,27.74477839,85.34850265,-9.64688
1404,27.74477839,85.35350265,0.986813
1405,27.74477839,85.35750265,4.37603
1406,27.74777839,85.36650264,2.50449
1407,27.74677839,85.36750264,4.06012
1408,27.74577839,85.37650263,4.02917
1409,27.74677839,85.38050263,-0.484417
1410,27.74577839,85.38250263,0.40358
1411,27.74777839,85.38750262,0.0365584
1412,27.74777839,85.39350262,-0.145832
1413,27.74477839,85.39850262,0.0499708
1414,27.74477839,85.40350261,0.892046
1415,27.74477839,85.40750261,1.69696
1416,27.74477839,85.4175026,-0.890561
1417,27.74477839,85.4225026,-0.543031
1418,27.74677839,85.4235026,-0.15863
1419,27.74477839,85.43050259,0.306099
1420,27.74577839,85.43550259,-1.83657
1421,27.74577839,85.44250258,-1.76621
1422,27.74477839,85.44550258,0.237313
1423,27.74777839,85.44850258,-1.57877
1424,27.74777839,85.45350257,0.678031
1425,27.74477839,85.45950257,3.13864
1426,27.74777839,85.46750256,2.50974
1427,27.74477839,85.47150256,2.86589
1428,27.75277839,85.28050271,5.57773
1429,27.75177839,85.2825027,3.92228
1430,27.75177839,85.2895027,-2.67194
1431,27.74977839,85.29550269,-28.221
1432,27.74877839,85.29750269,-34.764
1433,27.74977839,85.30550269,-23.69
1434,27.74877839,85.31050268,-27.8347
1435,27.75277839,85.31250268,-18.079
1436,27.74977839,85.31650268,-9.11454
1437,27.74977839,85.32550267,-8.287
1438,27.74977839,85.32950267,-12.7782
1439,27.74977839,85.33350267,-15.3365
1440,27.74977839,85.33650266,-14.0919
1441,27.74977839,85.34250266,-6.25284
1442,27.74977839,85.34850265,0.115324
1443,27.75277839,85.35650265,2.47457
1444,27.75277839,85.35750265,2.01164
1445,27.75277839,85.36450264,2.53353
1446,27.75077839,85.37050264,0.586429
1447,27.75277839,85.37250264,-1.96696
1448,27.75177839,85.38150263,-1.93598
1449,27.75277839,85.38450263,-0.531546
1450,27.75277839,85.38750262,0.585855
1451,27.75277839,85.39650262,-0.881161
1452,27.74877839,85.39850262,-1.13976
1453,27.75277839,85.40250261,-0.668704
1454,27.75277839,85.40850261,1.8654
1455,27.74977839,85.4175026,2.83586
1456,27.74977839,85.4215026,0.967833
1457,27.74877839,85.4245026,-0.198878
1458,27.75277839,85.43150259,-3.42274
1459,27.75177839,85.43550259,-0.342646
1460,27.75277839,85.43950258,-2.01102
1461,27.74977839,85.44650258,0.5144
1462,27.74977839,85.45050258,-0.182527
1463,27.75177839,85.45650257,-1.98704
1464,27.75177839,85.46150257,0.453859
1465,27.74977839,85.46350257,5.89249
1466,27.75177839,85.47150256,1.48802
1467,27.74877839,85.48350255,8.02061
1468,27.75477839,85.28050271,5.18274
1469,27.75477839,85.2845027,2.65709
1470,27.75377839,85.2895027,-2.2666
1471,27.75377839,85.29550269,-9.51762
1472,27.75377839,85.29650269,-9.31423
1473,27.75377839,85.30550269,-11.1646
1474,27.75377839,85.30950268,-18.0699
1475,27.75377839,85.31150268,-19.6027
1476,27.75377839,85.31650268,-6.75606
1477,27.75377839,85.32250267,-4.1052
1478,27.75377839,85.32950267,-4.48336
1479,27.75377839,85.33150267,-5.88777
1480,27.75377839,85.33650266,-4.47703
1481,27.75377839,85.34250266,-1.38433
1482,27.75377839,85.34850265,2.47092
1483,27.75477839,85.35650265,2.06487
1484,27.75477839,85.35950265,1.6657
1485,27.75477839,85.36350264,2.1664
1486,27.75677839,85.37050264,-0.535863
1487,27.75577839,85.37350263,-3.15092
1488,27.75577839,85.38050263,0.889599
1489,27.75577839,85.38450263,-1.67359
1490,27.75677839,85.39050262,0.145984
1491,27.75477839,85.39650262,-1.77758
1492,27.75677839,85.40050261,-2.55046
1493,27.75577839,85.40250261,-1.47548
1494,27.75577839,85.40950261,0.259031
1495,27.75577839,85.4145026,1.47675
1496,27.75377839,85.4205026,2.99926
1497,27.75677839,85.42650259,-0.391094
1498,27.75477839,85.43050259,-2.879
1499,27.75377839,85.43550259,-2.96296
1500,27.75377839,85.43850259,-1.96042
1501,27.75577839,85.44450258,-0.904534
1502,27.75477839,85.45150258,0.819777
1503,27.75477839,85.45650257,0.753463
1504,27.75677839,85.46750256,5.40269
1505,27.75477839,85.48450255,5.48085
1506,27.75877838,85.27250271,-0.485076
1507,27.75977838,85.28050271,2.53046
1508,27.76077838,85.2855027,-0.0671008
1509,27.75877838,85.2905027,-0.0668192
1510,27.75877838,85.29550269,-1.68743
1511,27.75877838,85.29750269,-2.73191
1512,27.75877838,85.30550269,-4.75484
1513,27.75877838,85.30950268,-13.8084
1514,27.75877838,85.31250268,-10.1661
1515,27.75877838,85.31650268,-3.91616
1516,27.75977838,85.32150267,-3.53501
1517,27.75977838,85.32850267,-3.62057
1518,27.76177838,85.33150267,-2.91064
1519,27.76077838,85.33650266,-1.12143
1520,27.75877838,85.34250266,1.46308
1521,27.75977838,85.34850265,4.28563
1522,27.75877838,85.35650265,4.27065
1523,27.75877838,85.36150264,3.1799
1524,27.75877838,85.36350264,3.73319
1525,27.76077838,85.37050264,0.494819
1526,27.75877838,85.37250264,0.107019
1527,27.75877838,85.38150263,2.81163
1528,27.76177838,85.38450263,-1.76695
1529,27.75977838,85.38950262,-2.48789
1530,27.75777838,85.39550262,-3.35255
1531,27.75877838,85.39950261,-1.72877
1532,27.76077838,85.40450261,0.03114
1533,27.75977838,85.40750261,0.156239
1534,27.75977838,85.4165026,2.33111
1535,27.75977838,85.4195026,1.1385
1536,27.75877838,85.42750259,1.17388
1537,27.75777838,85.43250259,-2.96815
1538,27.75877838,85.43450259,-0.194326
1539,27.75977838,85.44050258,4.01071
1540,27.75777838,85.44750258,0.714158
1541,27.75877838,85.44850258,-2.28061
1542,27.75877838,85.45550257,5.58565
1543,27.75977838,85.47250256,0.499387
1544,27.75977838,85.48050255,1.31501
1545,27.76477838,85.28050271,-0.608423
1546,27.76277838,85.2855027,0.507665
1547,27.76277838,85.2875027,0.235241
1548,27.76277838,85.29550269,0.938288
1549,27.76277838,85.29750269,2.03952
1550,27.76277838,85.30550269,-0.0191983
1551,27.76377838,85.30650269,-1.03463
1552,27.76277838,85.31250268,-2.3766
1553,27.76477838,85.32050268,-2.33486
1554,27.76377838,85.32550267,-2.84259
1555,27.76277838,85.33050267,-3.3861
1556,27.76377838,85.33250267,-2.54168
1557,27.76277838,85.33650266,-1.37128
1558,27.76477838,85.34250266,2.41824
1559,27.76377838,85.34850265,5.29801
1560,27.76277838,85.35250265,5.67473
1561,27.76277838,85.35950265,6.00116
1562,27.76277838,85.36650264,4.73183
1563,27.76277838,85.36950264,2.65889
1564,27.76277838,85.37250264,1.55223
1565,27.76577838,85.38050263,4.00681
1566,27.76577838,85.38550263,-0.209643
1567,27.76477838,85.39150262,-0.0865241
1568,27.76577838,85.39350262,0.215091
1569,27.76277838,85.40150261,0.476415
1570,27.76277838,85.4235026,6.24734
1571,27.76277838,85.42950259,2.11299
1572,27.76477838,85.43750259,3.29972
1573,27.76377838,85.44050258,1.42012
1574,27.76277838,85.44350258,3.26648
1575,27.76277838,85.45050258,1.28816
1576,27.76577838,85.45550257,4.81241
1577,27.76777838,85.28050271,5.67944
1578,27.76877838,85.2855027,1.38987
1579,27.77077837,85.2895027,0.674968
1580,27.77077837,85.29550269,1.88069
1581,27.77077837,85.29950269,0.550618
1582,27.77077837,85.30150269,-0.828241
1583,27.77077837,85.30950268,-1.60535
1584,27.76777838,85.31550268,-2.19899
1585,27.77077837,85.31650268,-2.69764
1586,27.77077837,85.32250267,-2.11043
1587,27.76677838,85.32650267,-2.81944
1588,27.76877838,85.33550266,-1.35672
1589,27.76777838,85.33650266,-2.43652
1590,27.77077837,85.34250266,1.91162
1591,27.76877838,85.34850265,5.92785
1592,27.76777838,85.35350265,7.51856
1593,27.76777838,85.35750265,7.62416
1594,27.76777838,85.36650264,7.63188
1595,27.76677838,85.37150264,3.31083
1596,27.76777838,85.37650263,1.83948
1597,27.76777838,85.37950263,-0.546776
1598,27.76777838,85.38350263,3.12284
1599,27.76877838,85.39050262,1.05702
1600,27.76777838,85.39450262,-1.79625
1601,27.76677838,85.39950261,1.89772
1602,27.76677838,85.44250258,4.4379
1603,27.76777838,85.45050258,-5.04711
1604,27.76677838,85.48650255,1.79721
1605,27.77477837,85.26750272,3.76841
1606,27.77277837,85.27950271,1.38056
1607,27.77477837,85.2855027,-1.06773
1608,27.77377837,85.2865027,0.15872
1609,27.77477837,85.2915027,-1.50698
1610,27.77177837,85.30050269,-1.05686
1611,27.77177837,85.30250269,-0.450063
1612,27.77377837,85.30850268,-2.14964
1613,27.77277837,85.31550268,-3.55468
1614,27.77177837,85.31650268,-2.88283
1615,27.77177837,85.32350267,-3.02296
1616,27.77477837,85.32650267,-2.28956
1617,27.77377837,85.33450266,-1.31333
1618,27.77177837,85.33850266,-1.74066
1619,27.77377837,85.34350266,0.667236
1620,27.77377837,85.34850265,4.89086
1621,27.77377837,85.35350265,7.35271
1622,27.77177837,85.35750265,8.33623
1623,27.77177837,85.36550264,7.91657
1624,27.77177837,85.36950264,5.69717
1625,27.77177837,85.37650263,0.1809
1626,27.77377837,85.38150263,3.2939
1627,27.77177837,85.38450263,0.278196
1628,27.77177837,85.38850262,3.29387
1629,27.77277837,85.39350262,1.76394
1630,27.77777837,85.27450271,0.637019
1631,27.77677837,85.27950271,0.01302
1632,27.77777837,85.2825027,-3.04383
1633,27.77977837,85.2865027,-3.13784
1634,27.77877837,85.2925027,-1.81388
1635,27.77677837,85.29950269,-1.25089
1636,27.77677837,85.30550269,-0.74081
1637,27.77777837,85.30750269,-2.71835
1638,27.77677837,85.31250268,-3.19814
1639,27.77577837,85.31750268,-2.38237
1640,27.77677837,85.32150267,-1.76088
1641,27.77977837,85.32950267,-2.6552
1642,27.77977837,85.33150267,-1.7814
1643,27.77977837,85.33750266,0.714766
1644,27.77877837,85.34550266,0.520796
1645,27.77577837,85.34850265,3.06124
1646,27.77777837,85.35250265,5.36413
1647,27.77577837,85.35750265,8.48882
1648,27.77777837,85.36650264,8.84003
1649,27.77677837,85.37050264,7.53677
1650,27.77777837,85.37650263,4.92961
1651,27.77777837,85.37850263,-2.25341
1652,27.78177837,85.27450271,7.32379
1653,27.78177837,85.27850271,-2.25796
1654,27.78277837,85.2845027,-3.28827
1655,27.78077837,85.2885027,-2.1198
1656,27.78177837,85.29550269,-0.806381
1657,27.78077837,85.29750269,-0.409674
1658,27.78177837,85.30550269,-1.32547
1659,27.78077837,85.30950268,-1.53136
1660,27.78377836,85.31450268,-2.54551
1661,27.78177837,85.32050268,-1.07446
1662,27.78377836,85.32250267,-1.9083
1663,27.78077837,85.32950267,-4.1475
1664,27.78277837,85.33450266,-1.14222
1665,27.78177837,85.33650266,-0.892341
1666,27.78077837,85.34750265,0.971002
1667,27.78277837,85.35350265,6.96512
1668,27.78277837,85.36050264,8.542
1669,27.78177837,85.36650264,8.54368
1670,27.78277837,85.37150264,7.6293
1671,27.78277837,85.37550263,5.31583
1672,27.78077837,85.37850263,2.25101
1673,27.78577836,85.27950271,5.82385
1674,27.78777836,85.2835027,0.951563
1675,27.78477836,85.2875027,0.538218
1676,27.78877836,85.2935027,-1.77321
1677,27.78877836,85.29950269,1.94224
1678,27.78677836,85.30550269,0.626163
1679,27.78477836,85.30950268,-1.92224
1680,27.78777836,85.31450268,-1.22112
1681,27.78477836,85.31850268,0.702389
1682,27.78477836,85.32150267,-1.69343
1683,27.78477836,85.32950267,-1.45942
1684,27.78877836,85.33450266,5.56324
1685,27.78777836,85.35350265,2.00826
1686,27.78877836,85.36050264,4.65232
1687,27.78877836,85.36350264,6.62566
1688,27.78877836,85.37150264,8.29658
1689,27.78477836,85.37550263,5.75624
1690,27.79077836,85.2905027,-2.26066
1691,27.79177836,85.29550269,-0.54971
1692,27.79177836,85.29750269,-2.01238
1693,27.79177836,85.30550269,-0.71178
1694,27.79077836,85.30950268,-3.92933
1695,27.79077836,85.31350268,-2.18267
1696,27.79177836,85.31650268,-2.34133
1697,27.78977836,85.32150267,1.32393
1698,27.78977836,85.32650267,3.1926
1699,27.78977836,85.33550266,4.72
1700,27.79077836,85.33650266,6.22333
1701,27.78977836,85.35650265,3.08768
1702,27.78977836,85.35850265,3.20778
1703,27.79077836,85.36350264,3.80257
1704,27.78977836,85.36750264,7.23336
1705,27.78977836,85.37250264,7.4702
1706,27.79377836,85.30050269,0.885587
1707,27.79477836,85.30250269,2.86342
1708,27.79677835,85.31050268,-2.38451
1709,27.79377836,85.31550268,-1.52107
1710,27.79477836,85.31650268,-1.09472
1711,27.79677835,85.32150267,2.73463
1712,27.79777835,85.32650267,3.81136
1713,27.79677835,85.33550266,3.12437
1714,27.79777835,85.33650266,4.80452
1715,27.79977835,85.30850268,-1.04504
1716,27.80077835,85.31350268,-2.22434
1717,27.80077835,85.31850268,-0.322854
1718,27.80077835,85.32150267,1.71844
1719,27.79977835,85.32850267,4.73111
1720,27.80177835,85.33350267,2.29963
1721,27.80277835,85.33150267,3.42843
